date,ticker,p_pos,p_neu,p_neg
2025-08-12,AAPL,0.8683363199234009,0.08697493374347687,0.044688720256090164
2025-08-12,AAPL,0.030722806230187416,0.7675936222076416,0.20168356597423553
2025-08-14,AAPL,0.3858467936515808,0.2791554927825928,0.33499768376350403
2025-08-14,AAPL,0.012172355316579342,0.05936459079384804,0.9284629821777344
2025-08-14,AAPL,0.059934455901384354,0.923343300819397,0.01672227308154106
2025-08-15,AAPL,0.043607838451862335,0.8342588543891907,0.1221332773566246
2025-08-16,AAPL,0.03606155887246132,0.934678316116333,0.029260143637657166
2025-08-16,AAPL,0.2451402097940445,0.7363927960395813,0.018466968089342117
2025-08-17,AAPL,0.053255219012498856,0.9247136116027832,0.022031119093298912
2025-08-18,AAPL,0.03378681093454361,0.9250565767288208,0.0411565862596035
2025-08-19,AAPL,0.024528173729777336,0.9540834426879883,0.021388405933976173
2025-08-20,AAPL,0.04423343762755394,0.6854600310325623,0.2703065574169159
2025-08-21,AAPL,0.8712211847305298,0.11786017566919327,0.010918696410953999
2025-08-23,AAPL,0.0377311110496521,0.9378957152366638,0.02437315508723259
2025-08-23,AAPL,0.03671090304851532,0.9384620189666748,0.02482708729803562
2025-08-24,AAPL,0.08542044460773468,0.8743533492088318,0.040226198732852936
2025-08-26,AAPL,0.04734877496957779,0.9348773956298828,0.01777385175228119
2025-08-29,AAPL,0.456261545419693,0.5290794372558594,0.014659023843705654
2025-08-30,AAPL,0.03648288547992706,0.3030063211917877,0.660510778427124
2025-09-01,AAPL,0.06730225682258606,0.9173460602760315,0.015351670794188976
2025-09-02,AAPL,0.036095570772886276,0.9345462918281555,0.029358187690377235
2025-09-02,AAPL,0.14274390041828156,0.8144899010658264,0.042766254395246506
2025-09-03,AAPL,0.046385254710912704,0.9359151124954224,0.017699608579277992
2025-09-03,AAPL,0.25928494334220886,0.7326532602310181,0.00806180015206337
2025-09-05,AAPL,0.6393121480941772,0.3506356179714203,0.010052230209112167
2025-09-05,AAPL,0.9402397274971008,0.03986433893442154,0.019895877689123154
2025-09-06,AAPL,0.23045925796031952,0.756249189376831,0.013291495852172375
2025-09-09,AAPL,0.531722903251648,0.4576760530471802,0.010601022280752659
2025-09-09,AAPL,0.22769862413406372,0.7618885636329651,0.010412857867777348
2025-09-09,AAPL,0.04060649499297142,0.9341862797737122,0.025207169353961945
2025-09-09,AAPL,0.052035536617040634,0.9316332936286926,0.016331106424331665
2025-09-09,AAPL,0.05473051592707634,0.9285553693771362,0.016714148223400116
2025-09-12,AAPL,0.025522401556372643,0.9460738897323608,0.028403686359524727
2025-09-12,AAPL,0.017178228124976158,0.536599338054657,0.4462224245071411
2025-09-13,AAPL,0.06847003102302551,0.8724656701087952,0.05906429886817932
2025-09-16,AAPL,0.07544153928756714,0.9098654985427856,0.014692937955260277
2025-09-17,AAPL,0.05179803445935249,0.9324897527694702,0.015712199732661247
2025-09-17,AAPL,0.842659056186676,0.15039891004562378,0.006942002568393946
2025-09-18,AAPL,0.03735256567597389,0.38695552945137024,0.5756918787956238
2025-09-19,AAPL,0.05770387127995491,0.9202927350997925,0.022003404796123505
2025-09-22,AAPL,0.06267911940813065,0.9218521118164062,0.01546881627291441
2025-09-22,AAPL,0.5368318557739258,0.3535889685153961,0.1095791906118393
2025-09-22,AAPL,0.14822590351104736,0.841131865978241,0.010642276145517826
2025-09-23,AAPL,0.4402380585670471,0.5460460186004639,0.013715916313230991
2025-09-23,AAPL,0.0534149669110775,0.9292933344841003,0.01729172095656395
2025-09-24,AAPL,0.82233726978302,0.1623426228761673,0.015320156700909138
2025-09-25,AAPL,0.0133507726714015,0.07305047661066055,0.9135987758636475
2025-09-29,AAPL,0.889449954032898,0.04592881724238396,0.06462123245000839
2025-09-29,AAPL,0.03708131983876228,0.38018104434013367,0.5827376246452332
2025-09-30,AAPL,0.010313193313777447,0.06005392596125603,0.929632842540741
2025-09-30,AAPL,0.05870911851525307,0.9242505431175232,0.01704029180109501
2025-10-01,AAPL,0.07319086045026779,0.9075995087623596,0.019209684804081917
2025-10-03,AAPL,0.028509963303804398,0.936826765537262,0.03466332331299782
2025-10-06,AAPL,0.01114239264279604,0.044748250395059586,0.9441094398498535
2025-10-09,AAPL,0.5443024635314941,0.43363985419273376,0.02205769717693329
2025-10-10,AAPL,0.021388143301010132,0.24926620721817017,0.7293456196784973
2025-10-11,AAPL,0.05796489492058754,0.924462080001831,0.017573000863194466
2025-10-12,AAPL,0.018893040716648102,0.33983150124549866,0.6412754654884338
2025-10-12,AAPL,0.0425715409219265,0.9368902444839478,0.02053822949528694
2025-10-13,AAPL,0.17349641025066376,0.8115151524543762,0.014988397248089314
2025-10-13,AAPL,0.0627579391002655,0.9231335520744324,0.014108480885624886
2025-10-13,AAPL,0.05689821392297745,0.9268906712532043,0.016211150214076042
2025-10-14,AAPL,0.7924440503120422,0.1974973827600479,0.010058598592877388
2025-10-14,AAPL,0.021594645455479622,0.9289531707763672,0.04945216700434685
2025-10-15,AAPL,0.24346260726451874,0.7412695288658142,0.015267878770828247
2025-10-15,AAPL,0.01697288639843464,0.7256959080696106,0.2573311924934387
2025-10-15,AAPL,0.05322116240859032,0.9304301142692566,0.016348721459507942
2025-10-16,AAPL,0.06300903856754303,0.9232862591743469,0.013704691082239151
2025-10-17,AAPL,0.34318551421165466,0.45630499720573425,0.2005094587802887
2025-10-17,AAPL,0.07429154217243195,0.9144159555435181,0.011292476207017899
2025-10-18,AAPL,0.3951086401939392,0.43782445788383484,0.16706688702106476
2025-10-19,AAPL,0.934169352054596,0.04884151741862297,0.01698911562561989
2025-10-20,AAPL,0.0122112687677145,0.07829645276069641,0.9094923138618469
2025-10-20,AAPL,0.01707901433110237,0.19582359492778778,0.7870973944664001
2025-10-21,AAPL,0.7043156623840332,0.15830539166927338,0.13737894594669342
2025-10-21,AAPL,0.14264924824237823,0.831881046295166,0.025469714775681496
2025-10-21,AAPL,0.07061519473791122,0.525985062122345,0.4033997356891632
2025-10-21,AAPL,0.7205321192741394,0.2589578926563263,0.020509935915470123
2025-10-21,AAPL,0.033515024930238724,0.9399414658546448,0.02654353156685829
2025-10-21,AAPL,0.03234158828854561,0.9460186958312988,0.021639665588736534
2025-10-22,AAPL,0.012774200178682804,0.08498658239841461,0.9022391438484192
2025-10-23,AAPL,0.04342646524310112,0.943708062171936,0.01286538876593113
2025-10-25,AAPL,0.025832682847976685,0.9450239539146423,0.029143335297703743
2025-10-26,AAPL,0.9196293354034424,0.07126176357269287,0.009108928963541985
2025-10-28,AAPL,0.18717512488365173,0.7935660481452942,0.019258810207247734
2025-10-28,AAPL,0.050467707216739655,0.9310916662216187,0.018440671265125275
2025-10-30,AAPL,0.9422221779823303,0.04394003003835678,0.013837853446602821
2025-10-30,AAPL,0.021681824699044228,0.9411944150924683,0.037123698741197586
2025-10-30,AAPL,0.02484910935163498,0.9322913885116577,0.04285949841141701
2025-10-30,AAPL,0.7311351299285889,0.12655554711818695,0.142309308052063
2025-10-31,AAPL,0.022619424387812614,0.9300229549407959,0.04735766723752022
2025-11-03,AAPL,0.059954605996608734,0.9229710698127747,0.017074329778552055
2025-11-04,AAPL,0.05482880026102066,0.9250389337539673,0.020132238045334816
2025-11-04,AAPL,0.11241372674703598,0.876346230506897,0.01124002318829298
2025-11-05,AAPL,0.10234267264604568,0.8883666396141052,0.009290693327784538
2025-11-05,AAPL,0.42731595039367676,0.5622904896736145,0.010393538512289524
2025-09-13,AMD,0.023242471739649773,0.05368936061859131,0.9230681657791138
2025-09-19,AMD,0.04067927226424217,0.9408540725708008,0.018466632813215256
2025-10-06,AMD,0.15918917953968048,0.8261406421661377,0.014670228585600853
2025-10-06,AMD,0.8532577157020569,0.1204063668847084,0.026335882022976875
2025-10-06,AMD,0.9468408226966858,0.037853971123695374,0.015305286273360252
2025-10-06,AMD,0.09205029159784317,0.8960473537445068,0.011902359314262867
2025-10-06,AMD,0.8773635625839233,0.04666421562433243,0.07597225904464722
2025-10-06,AMD,0.2241860330104828,0.7650628089904785,0.010751069523394108
2025-10-06,AMD,0.17945803701877594,0.7930914759635925,0.027450427412986755
2025-10-06,AMD,0.9002664685249329,0.07081663608551025,0.028916900977492332
2025-10-06,AMD,0.8276674151420593,0.05927005037665367,0.11306257545948029
2025-10-06,AMD,0.037420984357595444,0.8316798210144043,0.13089920580387115
2025-10-06,AMD,0.8590059280395508,0.13300813734531403,0.007985836826264858
2025-10-07,AMD,0.9521353840827942,0.02498486079275608,0.0228798259049654
2025-10-07,AMD,0.0428239144384861,0.9315603971481323,0.0256157536059618
2025-10-07,AMD,0.9086198210716248,0.07209958136081696,0.019280577078461647
2025-10-07,AMD,0.05694755166769028,0.925346851348877,0.01770559698343277
2025-10-07,AMD,0.10050260275602341,0.8769019246101379,0.022595472633838654
2025-10-07,AMD,0.0586702860891819,0.9220074415206909,0.019322315230965614
2025-10-07,AMD,0.07170466333627701,0.9148621559143066,0.01343320868909359
2025-10-08,AMD,0.8546503782272339,0.0837060958147049,0.06164354085922241
2025-10-08,AMD,0.7319480776786804,0.2135019302368164,0.05454999953508377
2025-10-08,AMD,0.17697715759277344,0.8016629219055176,0.021359942853450775
2025-10-08,AMD,0.937777578830719,0.04363061487674713,0.018591729924082756
2025-10-08,AMD,0.9057647585868835,0.06340572237968445,0.030829519033432007
2025-10-09,AMD,0.021760694682598114,0.027214882895350456,0.9510244131088257
2025-10-09,AMD,0.050508275628089905,0.9361805319786072,0.013311208225786686
2025-10-09,AMD,0.07207053899765015,0.8997368812561035,0.028192518278956413
2025-10-10,AMD,0.06767231225967407,0.894807755947113,0.03751989081501961
2025-10-10,AMD,0.9390823841094971,0.032988980412483215,0.027928583323955536
2025-10-11,AMD,0.08454255014657974,0.9017698764801025,0.013687502592802048
2025-10-11,AMD,0.055469486862421036,0.9267738461494446,0.017756713554263115
2025-10-14,AMD,0.06575947999954224,0.9207843542098999,0.01345616951584816
2025-10-14,AMD,0.38866913318634033,0.6032713651657104,0.008059550076723099
2025-10-14,AMD,0.8510845899581909,0.13339504599571228,0.015520338900387287
2025-10-14,AMD,0.0841384306550026,0.9019014835357666,0.013960099779069424
2025-10-14,AMD,0.12791718542575836,0.861903965473175,0.01017881091684103
2025-10-14,AMD,0.5080191493034363,0.47976988554000854,0.01221099030226469
2025-10-14,AMD,0.6167868971824646,0.36428138613700867,0.018931705504655838
2025-10-14,AMD,0.22712381184101105,0.7626456618309021,0.010230588726699352
2025-10-15,AMD,0.06648166477680206,0.8244286775588989,0.1090896725654602
2025-10-15,AMD,0.06610074639320374,0.9219062924385071,0.011992963030934334
2025-10-15,AMD,0.9380021691322327,0.04179874435067177,0.020199041813611984
2025-10-15,AMD,0.03412972763180733,0.9000681042671204,0.06580216437578201
2025-10-15,AMD,0.06538348644971848,0.9195833802223206,0.015033138915896416
2025-10-15,AMD,0.6127374768257141,0.35506874322891235,0.03219374269247055
2025-10-16,AMD,0.2969362735748291,0.6949488520622253,0.008114855736494064
2025-10-16,AMD,0.036491647362709045,0.05073193460702896,0.9127764105796814
2025-10-16,AMD,0.7685728073120117,0.18841741979122162,0.04300978407263756
2025-10-16,AMD,0.05931913107633591,0.9289161562919617,0.011764687485992908
2025-10-16,AMD,0.4708942472934723,0.42689022421836853,0.10221561044454575
2025-10-17,AMD,0.037114474922418594,0.940912663936615,0.02197290025651455
2025-10-17,AMD,0.2362641543149948,0.7498819231987,0.013853947632014751
2025-10-18,AMD,0.94782954454422,0.021221643313765526,0.03094879351556301
2025-10-19,AMD,0.0474260151386261,0.9277751445770264,0.024798834696412086
2025-10-20,AMD,0.872983992099762,0.10931284725666046,0.017703216522932053
2025-10-21,AMD,0.16332575678825378,0.8203304409980774,0.016343822702765465
2025-10-21,AMD,0.008814978413283825,0.03729826956987381,0.9538867473602295
2025-10-21,AMD,0.024956492707133293,0.9384319186210632,0.036611564457416534
2025-10-22,AMD,0.0653996542096138,0.9216309189796448,0.01296939142048359
2025-10-22,AMD,0.04597720876336098,0.12077392637729645,0.8332488536834717
2025-10-22,AMD,0.15240070223808289,0.8392532467842102,0.008346051909029484
2025-10-23,AMD,0.03361877426505089,0.18389303982257843,0.7824881672859192
2025-10-23,AMD,0.09274560213088989,0.8159403204917908,0.09131411463022232
2025-10-23,AMD,0.5852099061012268,0.3880590498447418,0.02673112228512764
2025-10-23,AMD,0.09931139647960663,0.8061835169792175,0.09450510889291763
2025-10-24,AMD,0.0764981284737587,0.9072928428649902,0.01620904915034771
2025-10-24,AMD,0.5431360006332397,0.11013105511665344,0.3467329442501068
2025-10-24,AMD,0.1415751874446869,0.2051958441734314,0.6532289981842041
2025-10-27,AMD,0.10573625564575195,0.8835225105285645,0.010741249658167362
2025-10-27,AMD,0.036184459924697876,0.9337231516838074,0.030092399567365646
2025-10-27,AMD,0.1322799026966095,0.853665292263031,0.01405480969697237
2025-10-27,AMD,0.8116823434829712,0.1801004856824875,0.008217151276767254
2025-10-27,AMD,0.24549007415771484,0.7468934655189514,0.007616449147462845
2025-10-27,AMD,0.02520187571644783,0.9503545761108398,0.02444356679916382
2025-10-28,AMD,0.10250069946050644,0.8687227368354797,0.02877655439078808
2025-10-28,AMD,0.22055938839912415,0.7681028842926025,0.011337753385305405
2025-10-28,AMD,0.9243296980857849,0.05969671159982681,0.01597358100116253
2025-10-29,AMD,0.046625204384326935,0.931544840335846,0.021829940378665924
2025-10-29,AMD,0.21002595126628876,0.5020055174827576,0.28796854615211487
2025-10-30,AMD,0.9210273027420044,0.05781634524464607,0.02115635946393013
2025-10-30,AMD,0.7647849321365356,0.20596902072429657,0.029245950281620026
2025-10-30,AMD,0.027597956359386444,0.9441813826560974,0.028220636770129204
2025-10-31,AMD,0.8769047260284424,0.11265075206756592,0.010444565676152706
2025-10-31,AMD,0.028836611658334732,0.9371945261955261,0.033968858420848846
2025-10-31,AMD,0.0807587057352066,0.8205570578575134,0.09868421405553818
2025-11-03,AMD,0.22521205246448517,0.7643461227416992,0.010441813617944717
2025-11-04,AMD,0.9244594573974609,0.03572021797299385,0.03982025384902954
2025-11-04,AMD,0.3798750340938568,0.5247289538383484,0.0953960195183754
2025-11-04,AMD,0.042550619691610336,0.9403947591781616,0.0170546043664217
2025-11-05,AMD,0.9305871725082397,0.04742392897605896,0.021988876163959503
2025-11-05,AMD,0.012138728983700275,0.030938103795051575,0.9569231271743774
2025-11-05,AMD,0.01866798847913742,0.5350409746170044,0.4462910592556
2025-11-05,AMD,0.0843583270907402,0.9026454091072083,0.012996215373277664
2025-08-12,AMZN,0.09060287475585938,0.8826422095298767,0.026754923164844513
2025-08-13,AMZN,0.17796199023723602,0.8125861287117004,0.009451831690967083
2025-08-13,AMZN,0.08927782624959946,0.03831717371940613,0.872404932975769
2025-08-13,AMZN,0.11911528557538986,0.8641653060913086,0.016719408333301544
2025-08-14,AMZN,0.09885969012975693,0.891456663608551,0.009683621115982533
2025-08-15,AMZN,0.08009763807058334,0.9092925190925598,0.010609811171889305
2025-08-15,AMZN,0.4451165199279785,0.5459414720535278,0.008941998705267906
2025-08-20,AMZN,0.1187271997332573,0.8705034255981445,0.010769391432404518
2025-08-22,AMZN,0.14478375017642975,0.8460157513618469,0.009200569242238998
2025-08-25,AMZN,0.04924326390028,0.9335132837295532,0.01724349334836006
2025-08-28,AMZN,0.06419237703084946,0.9219592213630676,0.013848446309566498
2025-09-02,AMZN,0.0504181906580925,0.9350616335868835,0.014520238153636456
2025-09-02,AMZN,0.05927760899066925,0.9225058555603027,0.018216490745544434
2025-09-02,AMZN,0.06637457758188248,0.9122475385665894,0.021377896890044212
2025-09-03,AMZN,0.10367102175951004,0.8855584859848022,0.010770510882139206
2025-09-04,AMZN,0.1312873661518097,0.8606062531471252,0.008106433786451817
2025-09-04,AMZN,0.010985078290104866,0.06676200032234192,0.9222529530525208
2025-09-11,AMZN,0.16964781284332275,0.8190446496009827,0.01130753755569458
2025-09-12,AMZN,0.03878578543663025,0.9472054839134216,0.014008705504238605
2025-09-16,AMZN,0.03933117166161537,0.9329654574394226,0.027703311294317245
2025-09-16,AMZN,0.2764532268047333,0.7128829956054688,0.010663802735507488
2025-09-16,AMZN,0.0653262659907341,0.917586624622345,0.01708715595304966
2025-09-17,AMZN,0.15112340450286865,0.8383444547653198,0.010532151907682419
2025-09-17,AMZN,0.12439317256212234,0.8444082140922546,0.031198596581816673
2025-09-17,AMZN,0.6640774607658386,0.3272756338119507,0.008646915666759014
2025-09-18,AMZN,0.2423996925354004,0.7490245699882507,0.008575676009058952
2025-09-18,AMZN,0.06323084235191345,0.9267383813858032,0.010030794888734818
2025-09-22,AMZN,0.036262936890125275,0.40310993790626526,0.5606271028518677
2025-09-23,AMZN,0.056273847818374634,0.8830852508544922,0.060640849173069
2025-09-24,AMZN,0.04141884297132492,0.8002139925956726,0.15836720168590546
2025-09-25,AMZN,0.027624234557151794,0.9442283511161804,0.028147423639893532
2025-09-25,AMZN,0.09090292453765869,0.13943657279014587,0.769660472869873
2025-09-25,AMZN,0.06580262631177902,0.10642630606889725,0.8277710676193237
2025-09-25,AMZN,0.03367581591010094,0.9425980448722839,0.023726176470518112
2025-09-26,AMZN,0.7399722337722778,0.20306578278541565,0.056962013244628906
2025-09-28,AMZN,0.05337296053767204,0.9205799698829651,0.02604713849723339
2025-09-29,AMZN,0.1961618959903717,0.7958338856697083,0.008004197850823402
2025-09-29,AMZN,0.2404102087020874,0.7508822679519653,0.008707553148269653
2025-09-30,AMZN,0.1547693908214569,0.8341216444969177,0.01110894326120615
2025-09-30,AMZN,0.037611689418554306,0.9459677338600159,0.016420599073171616
2025-09-30,AMZN,0.07986371219158173,0.9066327810287476,0.013503538444638252
2025-09-30,AMZN,0.12981952726840973,0.859349250793457,0.010831277817487717
2025-09-30,AMZN,0.1120482087135315,0.8779898285865784,0.009962000884115696
2025-09-30,AMZN,0.06102897599339485,0.9265758395195007,0.012395212426781654
2025-10-02,AMZN,0.12365856766700745,0.866413950920105,0.00992744229733944
2025-10-08,AMZN,0.1445302963256836,0.845004141330719,0.010465580970048904
2025-10-08,AMZN,0.0635116919875145,0.9207314848899841,0.015756838023662567
2025-10-08,AMZN,0.11274591088294983,0.8761258721351624,0.011128198355436325
2025-10-08,AMZN,0.07520651817321777,0.9077924489974976,0.01700097694993019
2025-10-09,AMZN,0.04074780270457268,0.9422144889831543,0.017037689685821533
2025-10-13,AMZN,0.1986144483089447,0.7779378294944763,0.023447705432772636
2025-10-13,AMZN,0.05395157262682915,0.9332290291786194,0.012819391675293446
2025-10-13,AMZN,0.0619112104177475,0.9260764718055725,0.012012336403131485
2025-10-14,AMZN,0.029205329716205597,0.9473670125007629,0.02342766337096691
2025-10-15,AMZN,0.3653344213962555,0.620370626449585,0.014294938184320927
2025-10-15,AMZN,0.041407857090234756,0.9345163106918335,0.02407580241560936
2025-10-15,AMZN,0.03976216912269592,0.9420002102851868,0.01823759637773037
2025-10-16,AMZN,0.09139543026685715,0.8985055088996887,0.010099056176841259
2025-10-16,AMZN,0.06253093481063843,0.9204453229904175,0.017023764550685883
2025-10-16,AMZN,0.04360415041446686,0.9422505497932434,0.014145315624773502
2025-10-20,AMZN,0.056864991784095764,0.9313219785690308,0.01181303896009922
2025-10-20,AMZN,0.06282176822423935,0.9230143427848816,0.01416386291384697
2025-10-22,AMZN,0.33548295497894287,0.657260537147522,0.007256481796503067
2025-10-22,AMZN,0.2349279671907425,0.751853346824646,0.013218681327998638
2025-10-22,AMZN,0.10102900117635727,0.8895566463470459,0.009414336644113064
2025-10-22,AMZN,0.3211625814437866,0.6644415855407715,0.014395863749086857
2025-10-22,AMZN,0.01222573034465313,0.07693997770547867,0.9108343124389648
2025-10-23,AMZN,0.13574476540088654,0.8541601896286011,0.010095015168190002
2025-10-23,AMZN,0.028582988306879997,0.9281821846961975,0.04323488473892212
2025-10-23,AMZN,0.031296662986278534,0.9345561861991882,0.03414715453982353
2025-10-23,AMZN,0.8113865852355957,0.17911222577095032,0.009501194581389427
2025-10-25,AMZN,0.4667453467845917,0.5220672488212585,0.011187412776052952
2025-10-27,AMZN,0.17708562314510345,0.8152921199798584,0.007622326724231243
2025-10-28,AMZN,0.4879142940044403,0.5015338063240051,0.010551937855780125
2025-10-28,AMZN,0.020431695505976677,0.08348305523395538,0.896085262298584
2025-10-28,AMZN,0.007941393181681633,0.024115368723869324,0.9679433107376099
2025-10-28,AMZN,0.008861467242240906,0.02942970022559166,0.9617087841033936
2025-10-28,AMZN,0.019695378839969635,0.3004128634929657,0.6798917055130005
2025-10-28,AMZN,0.01961578242480755,0.18476420640945435,0.7956199645996094
2025-10-28,AMZN,0.0966741293668747,0.8930422067642212,0.010283676907420158
2025-10-29,AMZN,0.02852620929479599,0.9390087127685547,0.032465118914842606
2025-10-29,AMZN,0.09317569434642792,0.8931705951690674,0.013653784058988094
2025-10-29,AMZN,0.09289998561143875,0.8915847539901733,0.015515302307903767
2025-10-30,AMZN,0.023432260379195213,0.888237476348877,0.08833027631044388
2025-10-30,AMZN,0.7374306321144104,0.23085518181324005,0.03171413764357567
2025-10-30,AMZN,0.06216726079583168,0.8555997610092163,0.0822330191731453
2025-10-31,AMZN,0.9268820881843567,0.04691888764500618,0.0261991024017334
2025-10-31,AMZN,0.6693835258483887,0.28784844279289246,0.04276803880929947
2025-10-31,AMZN,0.029372163116931915,0.9379053115844727,0.03272249922156334
2025-11-03,AMZN,0.7367267608642578,0.2542656362056732,0.009007520973682404
2025-11-03,AMZN,0.03890330716967583,0.9443092942237854,0.016787415370345116
2025-11-03,AMZN,0.12723425030708313,0.8594347834587097,0.01333092711865902
2025-11-03,AMZN,0.34253114461898804,0.6344050168991089,0.023063793778419495
2025-11-04,AMZN,0.0699354037642479,0.914189338684082,0.015875261276960373
2025-11-04,AMZN,0.46756401658058167,0.5226967930793762,0.009739154018461704
2025-11-05,AMZN,0.1586383581161499,0.8308373093605042,0.010524273850023746
2025-08-14,GOOG,0.026621179655194283,0.909864068031311,0.06351473182439804
2025-09-02,GOOG,0.022784363478422165,0.789314329624176,0.18790125846862793
2025-09-02,GOOG,0.6303697228431702,0.09277736395597458,0.27685287594795227
2025-09-03,GOOG,0.11371871083974838,0.31055551767349243,0.5757257342338562
2025-09-03,GOOG,0.1893683820962906,0.3054663836956024,0.5051652193069458
2025-09-09,GOOG,0.11969020217657089,0.3214039206504822,0.558905839920044
2025-09-09,GOOG,0.4862144887447357,0.40577900409698486,0.1080065593123436
2025-09-09,GOOG,0.06868215650320053,0.9090449810028076,0.022272823378443718
2025-09-09,GOOG,0.07328822463750839,0.8712530136108398,0.05545872077345848
2025-09-10,GOOG,0.04171118885278702,0.260723352432251,0.6975654363632202
2025-09-11,GOOG,0.08003643900156021,0.8991960287094116,0.02076750062406063
2025-09-11,GOOG,0.02206871658563614,0.1590023785829544,0.8189289569854736
2025-09-12,GOOG,0.027163324877619743,0.9468255043029785,0.02601115219295025
2025-09-15,GOOG,0.03592377528548241,0.9387699365615845,0.025306247174739838
2025-09-15,GOOG,0.26494672894477844,0.7228310704231262,0.012222169898450375
2025-09-15,GOOG,0.08889880031347275,0.6094879508018494,0.3016132712364197
2025-09-15,GOOG,0.14443667232990265,0.8438951969146729,0.011668109335005283
2025-09-15,GOOG,0.04101221635937691,0.9024575352668762,0.05653023347258568
2025-09-15,GOOG,0.09137603640556335,0.8948012590408325,0.013822666369378567
2025-09-15,GOOG,0.021961377933621407,0.94012051820755,0.03791814297437668
2025-09-15,GOOG,0.06481173634529114,0.91895991563797,0.01622832752764225
2025-09-15,GOOG,0.0632082149386406,0.8206036686897278,0.11618812382221222
2025-09-15,GOOG,0.04829959571361542,0.8470049500465393,0.10469549894332886
2025-09-15,GOOG,0.3203866481781006,0.6583812236785889,0.021232161670923233
2025-09-16,GOOG,0.2303091287612915,0.5053289532661438,0.2643619179725647
2025-09-16,GOOG,0.5819866061210632,0.4086606204509735,0.009352706372737885
2025-09-17,GOOG,0.03428979590535164,0.1818213313817978,0.7838889360427856
2025-09-17,GOOG,0.04330334812402725,0.9391800761222839,0.017516640946269035
2025-09-18,GOOG,0.8093646168708801,0.15922966599464417,0.031405676156282425
2025-09-19,GOOG,0.12310323864221573,0.8607505559921265,0.016146192327141762
2025-09-19,GOOG,0.13646666705608368,0.7943029999732971,0.06923031061887741
2025-09-22,GOOG,0.9247151613235474,0.04822942987084389,0.027055397629737854
2025-09-22,GOOG,0.9314939379692078,0.05468566343188286,0.01382038276642561
2025-09-22,GOOG,0.9065797924995422,0.042000964283943176,0.05141923949122429
2025-09-22,GOOG,0.07054202258586884,0.9058494567871094,0.023608529940247536
2025-09-23,GOOG,0.03224586322903633,0.9291964173316956,0.03855770826339722
2025-09-25,GOOG,0.4893185496330261,0.5005866289138794,0.010094883851706982
2025-09-26,GOOG,0.0588826984167099,0.922550618648529,0.018566664308309555
2025-09-26,GOOG,0.05263083428144455,0.9303805828094482,0.016988592222332954
2025-09-29,GOOG,0.01794181764125824,0.12405514717102051,0.8580030798912048
2025-09-29,GOOG,0.045749884098768234,0.9267785549163818,0.027471601963043213
2025-09-30,GOOG,0.02498912811279297,0.9479741454124451,0.027036717161536217
2025-09-30,GOOG,0.034964218735694885,0.937574028968811,0.02746175415813923
2025-09-30,GOOG,0.6609446406364441,0.3159507215023041,0.023104660212993622
2025-09-30,GOOG,0.9377356171607971,0.04848090931773186,0.013783419504761696
2025-09-30,GOOG,0.5561048984527588,0.3227820098400116,0.12111309915781021
2025-09-30,GOOG,0.8857120275497437,0.03700712323188782,0.07728075236082077
2025-09-30,GOOG,0.01694888435304165,0.16078096628189087,0.8222700953483582
2025-09-30,GOOG,0.9458279013633728,0.031200846657156944,0.022971292957663536
2025-10-01,GOOG,0.9452999830245972,0.027681173756718636,0.0270188320428133
2025-10-02,GOOG,0.027539577335119247,0.937614917755127,0.03484552353620529
2025-10-02,GOOG,0.033190831542015076,0.9484583139419556,0.01835092157125473
2025-10-02,GOOG,0.20914876461029053,0.7777490019798279,0.013102191500365734
2025-10-04,GOOG,0.910880446434021,0.04739588499069214,0.041723597794771194
2025-10-06,GOOG,0.05121874436736107,0.9190673232078552,0.029713867232203484
2025-10-06,GOOG,0.03084472380578518,0.9108219146728516,0.05833331495523453
2025-10-07,GOOG,0.7516112923622131,0.22230374813079834,0.026084983721375465
2025-10-09,GOOG,0.12269432842731476,0.8690063953399658,0.008299322798848152
2025-10-10,GOOG,0.4761185348033905,0.5142115354537964,0.009669969789683819
2025-10-10,GOOG,0.05342187359929085,0.8115757703781128,0.13500237464904785
2025-10-10,GOOG,0.04526698589324951,0.8622258305549622,0.09250718355178833
2025-10-10,GOOG,0.059439126402139664,0.9260252118110657,0.01453565526753664
2025-10-11,GOOG,0.5045807361602783,0.16841651499271393,0.32700276374816895
2025-10-15,GOOG,0.05121874436736107,0.9190673232078552,0.029713867232203484
2025-10-15,GOOG,0.0999998077750206,0.8808199763298035,0.019180171191692352
2025-10-16,GOOG,0.01847015880048275,0.9220137000083923,0.05951617658138275
2025-10-16,GOOG,0.013603228144347668,0.12411715090274811,0.8622796535491943
2025-10-16,GOOG,0.024240266531705856,0.9159861207008362,0.05977361649274826
2025-10-16,GOOG,0.3620091676712036,0.6270925402641296,0.010898330248892307
2025-10-17,GOOG,0.23043642938137054,0.7442160248756409,0.0253475159406662
2025-10-18,GOOG,0.05955316871404648,0.9261069297790527,0.014339952729642391
2025-10-20,GOOG,0.03800193965435028,0.9230434894561768,0.03895464912056923
2025-10-20,GOOG,0.04864037036895752,0.9331009984016418,0.01825864054262638
2025-10-21,GOOG,0.01593075506389141,0.07016193866729736,0.9139072895050049
2025-10-21,GOOG,0.19942811131477356,0.5938328504562378,0.20673905313014984
2025-10-21,GOOG,0.058294352144002914,0.8996535539627075,0.04205209016799927
2025-10-22,GOOG,0.021194808185100555,0.6685121655464172,0.3102930784225464
2025-10-22,GOOG,0.5302184224128723,0.40250131487846375,0.06728026270866394
2025-10-23,GOOG,0.05423726141452789,0.9033882021903992,0.04237448796629906
2025-10-24,GOOG,0.0632082149386406,0.8206036686897278,0.11618812382221222
2025-10-24,GOOG,0.176272451877594,0.658182680606842,0.16554485261440277
2025-10-24,GOOG,0.0735563114285469,0.8814631700515747,0.044980600476264954
2025-10-24,GOOG,0.13968610763549805,0.8433017730712891,0.01701204478740692
2025-10-27,GOOG,0.03317062929272652,0.9234519600868225,0.043377380818128586
2025-10-27,GOOG,0.056466106325387955,0.9005470275878906,0.042986925691366196
2025-10-27,GOOG,0.14248037338256836,0.8454257845878601,0.012093867175281048
2025-10-28,GOOG,0.06441796571016312,0.9136703014373779,0.021911779418587685
2025-10-29,GOOG,0.7775428891181946,0.20002475380897522,0.022432349622249603
2025-10-29,GOOG,0.04706394672393799,0.9249767065048218,0.027959352359175682
2025-10-29,GOOG,0.031082164496183395,0.917840301990509,0.051077503710985184
2025-10-30,GOOG,0.5702633857727051,0.08178448677062988,0.34795209765434265
2025-10-30,GOOG,0.8660193681716919,0.10991965234279633,0.0240610484033823
2025-10-30,GOOG,0.14441408216953278,0.8427218794822693,0.01286405511200428
2025-10-30,GOOG,0.46208226680755615,0.15386727452278137,0.38405048847198486
2025-10-30,GOOG,0.4351535439491272,0.5485983490943909,0.016248106956481934
2025-11-01,GOOG,0.2343187928199768,0.7498933672904968,0.01578783243894577
2025-11-01,GOOG,0.0645304024219513,0.8434850573539734,0.0919845849275589
2025-11-03,GOOG,0.11786609888076782,0.8618541955947876,0.02027970552444458
2025-11-05,GOOG,0.05030834302306175,0.908399224281311,0.041292428970336914
2025-08-14,META,0.02915419079363346,0.9249544739723206,0.04589138552546501
2025-08-14,META,0.10019457340240479,0.8881222605705261,0.01168319582939148
2025-08-18,META,0.05037481337785721,0.9358440041542053,0.013781134970486164
2025-08-22,META,0.4356994926929474,0.5486255288124084,0.01567503996193409
2025-09-03,META,0.034031644463539124,0.34035104513168335,0.6256173253059387
2025-09-05,META,0.04825287684798241,0.9361481070518494,0.015599031001329422
2025-09-09,META,0.037227194756269455,0.8325234651565552,0.13024933636188507
2025-09-09,META,0.02361779659986496,0.5464140176773071,0.4299682080745697
2025-09-11,META,0.05070972442626953,0.935484766960144,0.01380546297878027
2025-09-12,META,0.0795377865433693,0.8123346567153931,0.10812760144472122
2025-09-15,META,0.028779156506061554,0.9508700370788574,0.020350737497210503
2025-09-15,META,0.6379672288894653,0.35444557666778564,0.007587229833006859
2025-09-15,META,0.06793651729822159,0.899819016456604,0.03224441409111023
2025-09-16,META,0.6619235873222351,0.32856765389442444,0.009508705697953701
2025-09-16,META,0.18955877423286438,0.7951445579528809,0.015296673402190208
2025-09-17,META,0.08461187034845352,0.08847669512033463,0.826911449432373
2025-09-17,META,0.04978443309664726,0.9378752112388611,0.012340405024588108
2025-09-18,META,0.23692511022090912,0.7536715269088745,0.009403345175087452
2025-09-18,META,0.025199009105563164,0.1413472294807434,0.8334537744522095
2025-09-18,META,0.3275212347507477,0.6604641675949097,0.012014588341116905
2025-09-19,META,0.03322813659906387,0.9322956800460815,0.03447618708014488
2025-09-22,META,0.027539899572730064,0.9433936476707458,0.02906651236116886
2025-09-22,META,0.17603802680969238,0.8050282597541809,0.018933694809675217
2025-09-24,META,0.759899377822876,0.23092694580554962,0.009173660539090633
2025-09-25,META,0.015127105638384819,0.07939310371875763,0.9054797291755676
2025-09-25,META,0.3814232647418976,0.6040175557136536,0.014559203758835793
2025-09-25,META,0.14849136769771576,0.8429983258247375,0.008510283194482327
2025-09-26,META,0.15463973581790924,0.8367677330970764,0.008592578582465649
2025-09-26,META,0.6122390627861023,0.377940833568573,0.009820147417485714
2025-09-26,META,0.21263010799884796,0.7308787107467651,0.05649112910032272
2025-09-26,META,0.04581991955637932,0.9420997500419617,0.012080325745046139
2025-09-26,META,0.06690336763858795,0.9216763973236084,0.011420313268899918
2025-09-29,META,0.06443987786769867,0.9171239137649536,0.018436195328831673
2025-09-29,META,0.1266549825668335,0.8612715005874634,0.012073487043380737
2025-09-29,META,0.2989576458930969,0.6547254323959351,0.04631691053509712
2025-09-29,META,0.009674935601651669,0.04693134129047394,0.9433937072753906
2025-09-30,META,0.034903135150671005,0.21028010547161102,0.7548167109489441
2025-09-30,META,0.19625145196914673,0.7962325811386108,0.007516015786677599
2025-09-30,META,0.1349160522222519,0.8507331013679504,0.014350872486829758
2025-09-30,META,0.4418848156929016,0.5481054186820984,0.01000979170203209
2025-10-01,META,0.036154184490442276,0.9367501735687256,0.027095632627606392
2025-10-01,META,0.027956999838352203,0.9449238777160645,0.027119098231196404
2025-10-01,META,0.06999418139457703,0.9186621308326721,0.011343691498041153
2025-10-01,META,0.20105291903018951,0.7891174554824829,0.009829630143940449
2025-10-01,META,0.31425729393959045,0.6695082783699036,0.01623448170721531
2025-10-01,META,0.017173850908875465,0.050769828259944916,0.9320562481880188
2025-10-02,META,0.018686428666114807,0.40561407804489136,0.5756994485855103
2025-10-02,META,0.04005066305398941,0.9182593822479248,0.04168993979692459
2025-10-02,META,0.11290159821510315,0.8757222890853882,0.01137613132596016
2025-10-03,META,0.03333588317036629,0.9430878758430481,0.023576227948069572
2025-10-03,META,0.06359854340553284,0.8852580785751343,0.05114337056875229
2025-10-06,META,0.5456064939498901,0.414201557636261,0.04019194096326828
2025-10-07,META,0.11030974239110947,0.861345112323761,0.028345178812742233
2025-10-07,META,0.07688459008932114,0.8886586427688599,0.034456778317689896
2025-10-08,META,0.9454660415649414,0.041236381977796555,0.01329750008881092
2025-10-08,META,0.2531934082508087,0.7393541932106018,0.0074523864313960075
2025-10-11,META,0.04136000946164131,0.9289590716362,0.029680917039513588
2025-10-13,META,0.03853467479348183,0.9233253002166748,0.03814007341861725
2025-10-13,META,0.12800800800323486,0.8611007332801819,0.010891297832131386
2025-10-13,META,0.01890837587416172,0.12212087959051132,0.8589707612991333
2025-10-13,META,0.08952023833990097,0.8972813487052917,0.013198461383581161
2025-10-14,META,0.017230959609150887,0.18300315737724304,0.7997658252716064
2025-10-15,META,0.025474952533841133,0.9132733941078186,0.06125162914395332
2025-10-15,META,0.7341348528862,0.2561187148094177,0.009746458381414413
2025-10-15,META,0.03322813659906387,0.9322956800460815,0.03447618708014488
2025-10-15,META,0.02069169469177723,0.384202778339386,0.5951055884361267
2025-10-15,META,0.041514795273542404,0.9350054264068604,0.023479796946048737
2025-10-15,META,0.08647193759679794,0.9038417935371399,0.009686334989964962
2025-10-15,META,0.12185373902320862,0.8641422986984253,0.014003904536366463
2025-10-15,META,0.02341451123356819,0.5753395557403564,0.40124592185020447
2025-10-15,META,0.014324057847261429,0.16507315635681152,0.8206027150154114
2025-10-15,META,0.05258408561348915,0.8860974311828613,0.061318542808294296
2025-10-15,META,0.7528180480003357,0.23501963913440704,0.012162276543676853
2025-10-15,META,0.08979105204343796,0.9001914858818054,0.010017510503530502
2025-10-15,META,0.16183778643608093,0.8220765590667725,0.016085658222436905
2025-10-16,META,0.09302699565887451,0.8964417576789856,0.010531247593462467
2025-10-16,META,0.5921661853790283,0.39161455631256104,0.01621927134692669
2025-10-16,META,0.16063232719898224,0.8300662636756897,0.009301461279392242
2025-10-16,META,0.0765579417347908,0.9126811027526855,0.010760940611362457
2025-10-17,META,0.051897693425416946,0.9324302673339844,0.01567203365266323
2025-10-17,META,0.8389409780502319,0.15318593382835388,0.00787310115993023
2025-10-17,META,0.06061727926135063,0.9161300659179688,0.02325265482068062
2025-10-18,META,0.15830329060554504,0.8332371711730957,0.008459496311843395
2025-10-22,META,0.029075298458337784,0.18247979879379272,0.7884448766708374
2025-10-22,META,0.009318743832409382,0.03681769594550133,0.9538635611534119
2025-10-23,META,0.012358964420855045,0.12878994643688202,0.8588510751724243
2025-10-23,META,0.22136721014976501,0.7699213624000549,0.008711414411664009
2025-10-24,META,0.052761733531951904,0.9314927458763123,0.01574552431702614
2025-10-25,META,0.014095590449869633,0.13695074617862701,0.8489536643028259
2025-10-28,META,0.13738633692264557,0.8531337380409241,0.009479940868914127
2025-10-29,META,0.00886804424226284,0.0312125813215971,0.959919273853302
2025-10-30,META,0.01608676090836525,0.11477365344762802,0.8691396117210388
2025-10-31,META,0.110567107796669,0.8810988068580627,0.008334028534591198
2025-10-31,META,0.04221895709633827,0.6426093578338623,0.31517165899276733
2025-11-03,META,0.4499942660331726,0.5397462248802185,0.010259553790092468
2025-11-04,META,0.03669595345854759,0.5286313891410828,0.43467265367507935
2025-08-20,MSFT,0.8464542627334595,0.14453402161598206,0.009011699818074703
2025-08-20,MSFT,0.02171517349779606,0.37208348512649536,0.6062013506889343
2025-08-27,MSFT,0.0163506418466568,0.09779354184865952,0.8858559131622314
2025-08-29,MSFT,0.010801293887197971,0.07702939212322235,0.9121692776679993
2025-08-29,MSFT,0.026935631409287453,0.17361241579055786,0.7994519472122192
2025-09-04,MSFT,0.08809499442577362,0.898885190486908,0.013019782491028309
2025-09-04,MSFT,0.16358651220798492,0.7861964702606201,0.05021701380610466
2025-09-04,MSFT,0.03875281289219856,0.9106404185295105,0.050606753677129745
2025-09-09,MSFT,0.022641414776444435,0.9293094873428345,0.048049114644527435
2025-09-10,MSFT,0.15647165477275848,0.8350647687911987,0.008463586680591106
2025-09-11,MSFT,0.049835849553346634,0.9322157502174377,0.017948411405086517
2025-09-11,MSFT,0.09271438419818878,0.8966071605682373,0.010678519494831562
2025-09-11,MSFT,0.1265953630208969,0.8624752163887024,0.010929403826594353
2025-09-11,MSFT,0.1589992642402649,0.817354142665863,0.023646559566259384
2025-09-12,MSFT,0.8194005489349365,0.12356144189834595,0.05703810974955559
2025-09-12,MSFT,0.10063411295413971,0.8894966244697571,0.009869275614619255
2025-09-12,MSFT,0.28369924426078796,0.7051438093185425,0.011156962253153324
2025-09-15,MSFT,0.5233570337295532,0.19833506643772125,0.2783079147338867
2025-09-16,MSFT,0.51385098695755,0.47795987129211426,0.008189085870981216
2025-09-17,MSFT,0.8823815584182739,0.107826828956604,0.009791656397283077
2025-09-17,MSFT,0.016558825969696045,0.0931437686085701,0.8902974724769592
2025-09-18,MSFT,0.33284106850624084,0.6579585075378418,0.009200402535498142
2025-09-18,MSFT,0.148329958319664,0.8433246612548828,0.008345367386937141
2025-09-18,MSFT,0.06562895327806473,0.9190313220024109,0.015339787118136883
2025-09-18,MSFT,0.13616029918193817,0.855044424533844,0.00879525113850832
2025-09-18,MSFT,0.053794898092746735,0.9299562573432922,0.016248904168605804
2025-09-18,MSFT,0.4526238441467285,0.5356470942497253,0.011729053221642971
2025-09-19,MSFT,0.012012697756290436,0.09924215823411942,0.8887451887130737
2025-09-22,MSFT,0.9525691866874695,0.022645650431513786,0.02478519268333912
2025-09-22,MSFT,0.02518814615905285,0.9006004929542542,0.07421133667230606
2025-09-22,MSFT,0.7523796558380127,0.23884530365467072,0.008775081485509872
2025-09-22,MSFT,0.4385785162448883,0.5530388355255127,0.008382672443985939
2025-09-23,MSFT,0.16477057337760925,0.8271945714950562,0.00803484208881855
2025-09-23,MSFT,0.05512963607907295,0.9279623627662659,0.01690804213285446
2025-09-24,MSFT,0.08683696389198303,0.9003873467445374,0.012775743380188942
2025-09-24,MSFT,0.15105140209197998,0.8410940766334534,0.00785446260124445
2025-09-24,MSFT,0.137064129114151,0.8528399467468262,0.010095890611410141
2025-09-24,MSFT,0.8700307011604309,0.12187056988477707,0.008098768070340157
2025-09-25,MSFT,0.022453926503658295,0.927228569984436,0.05031749606132507
2025-09-25,MSFT,0.053613342344760895,0.9330943822860718,0.013292244635522366
2025-09-25,MSFT,0.13574472069740295,0.8548014163970947,0.009453855454921722
2025-09-25,MSFT,0.21366630494594574,0.7778496742248535,0.008484037593007088
2025-09-25,MSFT,0.2651340067386627,0.7245323657989502,0.010333588346838951
2025-09-25,MSFT,0.15444375574588776,0.835473895072937,0.010082385502755642
2025-09-25,MSFT,0.04808840900659561,0.9243754148483276,0.027536213397979736
2025-09-28,MSFT,0.2903364896774292,0.6162476539611816,0.09341587871313095
2025-09-29,MSFT,0.06926678121089935,0.9193304181098938,0.011402826756238937
2025-09-29,MSFT,0.1743631213903427,0.8159671425819397,0.009669733233749866
2025-09-29,MSFT,0.15922363102436066,0.8180134296417236,0.02276298962533474
2025-09-30,MSFT,0.0467340387403965,0.9353262186050415,0.01793973334133625
2025-09-30,MSFT,0.06208059564232826,0.9247190356254578,0.013200432062149048
2025-09-30,MSFT,0.03381922468543053,0.9291104078292847,0.03707041218876839
2025-10-01,MSFT,0.4414145052433014,0.5485665798187256,0.01001884788274765
2025-10-01,MSFT,0.1698419749736786,0.8221654295921326,0.007992628030478954
2025-10-01,MSFT,0.16574299335479736,0.826412558555603,0.007844489999115467
2025-10-01,MSFT,0.04170675203204155,0.901060938835144,0.05723226070404053
2025-10-02,MSFT,0.41515254974365234,0.5761139988899231,0.008733495138585567
2025-10-02,MSFT,0.21360091865062714,0.7780000567436218,0.00839904323220253
2025-10-02,MSFT,0.09338415414094925,0.8933581709861755,0.013257648795843124
2025-10-02,MSFT,0.2919616103172302,0.6981988549232483,0.00983950775116682
2025-10-02,MSFT,0.31332340836524963,0.6755003333091736,0.011176224797964096
2025-10-02,MSFT,0.16721269488334656,0.8169420957565308,0.015845194458961487
2025-10-06,MSFT,0.30847251415252686,0.6816688179969788,0.009858706966042519
2025-10-06,MSFT,0.05514778196811676,0.10371199995279312,0.8411402702331543
2025-10-09,MSFT,0.05247364938259125,0.9298313856124878,0.01769496127963066
2025-10-09,MSFT,0.566964864730835,0.4241132140159607,0.008921868167817593
2025-10-09,MSFT,0.021215656772255898,0.36531344056129456,0.6134708523750305
2025-10-09,MSFT,0.033079393208026886,0.9127548933029175,0.054165709763765335
2025-10-09,MSFT,0.06644045561552048,0.9215554594993591,0.012004032731056213
2025-10-10,MSFT,0.023780962452292442,0.7762871384620667,0.19993185997009277
2025-10-12,MSFT,0.1835155040025711,0.8072925806045532,0.009191954508423805
2025-10-13,MSFT,0.017295928671956062,0.10846089571714401,0.8742431402206421
2025-10-13,MSFT,0.05474488437175751,0.9266491532325745,0.018605953082442284
2025-10-16,MSFT,0.8507055044174194,0.14215807616710663,0.007136390078812838
2025-10-16,MSFT,0.283923476934433,0.7072789072990417,0.008797611109912395
2025-10-16,MSFT,0.1900215744972229,0.8013218641281128,0.008656574413180351
2025-10-16,MSFT,0.09727132320404053,0.8927968144416809,0.00993186142295599
2025-10-17,MSFT,0.027066469192504883,0.7453533411026001,0.2275802046060562
2025-10-18,MSFT,0.14110945165157318,0.8485887050628662,0.010301899164915085
2025-10-21,MSFT,0.10448137670755386,0.8579394817352295,0.03757910430431366
2025-10-21,MSFT,0.20659972727298737,0.7849779725074768,0.008422290906310081
2025-10-21,MSFT,0.13138726353645325,0.8348568081855774,0.033755917102098465
2025-10-22,MSFT,0.4908134639263153,0.5003617405891418,0.008824807591736317
2025-10-23,MSFT,0.8173803687095642,0.17249612510204315,0.010123507119715214
2025-10-23,MSFT,0.3127139210700989,0.5779937505722046,0.10929234325885773
2025-10-26,MSFT,0.033087268471717834,0.9402201771736145,0.026692483574151993
2025-10-28,MSFT,0.6995437741279602,0.2891630232334137,0.01129323523491621
2025-10-28,MSFT,0.05776689574122429,0.9290553331375122,0.013177704066038132
2025-10-28,MSFT,0.8002191781997681,0.18760167062282562,0.01217919122427702
2025-10-28,MSFT,0.6271880865097046,0.3633221983909607,0.00948969554156065
2025-10-29,MSFT,0.8096027374267578,0.10880834609270096,0.08158894628286362
2025-10-29,MSFT,0.043710868805646896,0.9330660104751587,0.023223113268613815
2025-10-29,MSFT,0.061495352536439896,0.903224766254425,0.03527981415390968
2025-10-30,MSFT,0.9311692118644714,0.05799352005124092,0.010837318375706673
2025-10-30,MSFT,0.031335022300481796,0.9342779517173767,0.03438704088330269
2025-11-05,MSFT,0.7899796962738037,0.20232903957366943,0.007691336330026388
2025-11-05,MSFT,0.8011379241943359,0.1921839416027069,0.006678174249827862
2025-08-12,NFLX,0.12765014171600342,0.8586143255233765,0.013735543005168438
2025-08-12,NFLX,0.07298565655946732,0.909747302532196,0.017267055809497833
2025-08-13,NFLX,0.03433450683951378,0.9253999590873718,0.04026554897427559
2025-08-14,NFLX,0.2792219817638397,0.7117012143135071,0.009076807647943497
2025-08-14,NFLX,0.03763756901025772,0.9142166376113892,0.048145804554224014
2025-08-18,NFLX,0.06306538730859756,0.9209895133972168,0.015945179387927055
2025-08-18,NFLX,0.06983239948749542,0.9075607657432556,0.02260681986808777
2025-08-18,NFLX,0.07033559679985046,0.9081904292106628,0.021473968401551247
2025-08-18,NFLX,0.04548048973083496,0.9346328377723694,0.01988665945827961
2025-08-20,NFLX,0.19553545117378235,0.7946341633796692,0.009830372408032417
2025-08-21,NFLX,0.03927357867360115,0.9021171927452087,0.05860930308699608
2025-08-26,NFLX,0.8350898027420044,0.15283739566802979,0.012072766199707985
2025-08-26,NFLX,0.04461615905165672,0.6127394437789917,0.34264442324638367
2025-08-26,NFLX,0.35973119735717773,0.6243028044700623,0.015966001898050308
2025-08-27,NFLX,0.04879002645611763,0.9131352305412292,0.0380747951567173
2025-08-28,NFLX,0.13063880801200867,0.8417496681213379,0.02761148475110531
2025-08-29,NFLX,0.04465728625655174,0.9202027916908264,0.03513994812965393
2025-08-29,NFLX,0.046647824347019196,0.9352878332138062,0.018064303323626518
2025-08-30,NFLX,0.04846048355102539,0.9221005439758301,0.029438944533467293
2025-09-03,NFLX,0.0531170479953289,0.9232578277587891,0.023625154048204422
2025-09-04,NFLX,0.1131429597735405,0.8676275014877319,0.019229505211114883
2025-09-04,NFLX,0.27628129720687866,0.7095904350280762,0.014128237962722778
2025-09-08,NFLX,0.06577087938785553,0.9141442179679871,0.020084895193576813
2025-09-08,NFLX,0.03631481155753136,0.940895676612854,0.02278953045606613
2025-09-09,NFLX,0.08292844146490097,0.8943175077438354,0.022754032164812088
2025-09-10,NFLX,0.13432854413986206,0.8573822975158691,0.008289193734526634
2025-09-10,NFLX,0.03915783390402794,0.9362397789955139,0.024602457880973816
2025-09-11,NFLX,0.04674612358212471,0.929893970489502,0.023359930142760277
2025-09-11,NFLX,0.09158014506101608,0.8906193375587463,0.017800532281398773
2025-09-12,NFLX,0.11709599196910858,0.8702735900878906,0.012630396522581577
2025-09-13,NFLX,0.03796904906630516,0.9335326552391052,0.02849828265607357
2025-09-14,NFLX,0.023492377251386642,0.9082518815994263,0.0682557076215744
2025-09-15,NFLX,0.13864116370677948,0.8221413493156433,0.03921752795577049
2025-09-15,NFLX,0.06186475604772568,0.9057997465133667,0.03233543038368225
2025-09-18,NFLX,0.049064598977565765,0.9203890562057495,0.03054630011320114
2025-09-18,NFLX,0.14567415416240692,0.8372823596000671,0.017043549567461014
2025-09-23,NFLX,0.13483193516731262,0.8486443758010864,0.016523681581020355
2025-09-25,NFLX,0.06499113887548447,0.9168806672096252,0.018128206953406334
2025-09-26,NFLX,0.044809386134147644,0.9192887544631958,0.035901885479688644
2025-09-30,NFLX,0.03239505738019943,0.9175741672515869,0.050030823796987534
2025-09-30,NFLX,0.04773079603910446,0.8858065009117126,0.06646266579627991
2025-10-03,NFLX,0.03029700182378292,0.904933750629425,0.06476932018995285
2025-10-07,NFLX,0.1324082612991333,0.8325014710426331,0.03509024158120155
2025-10-07,NFLX,0.06555537134408951,0.9003804922103882,0.0340641513466835
2025-10-07,NFLX,0.03548068553209305,0.9092627167701721,0.055256590247154236
2025-10-08,NFLX,0.03607812523841858,0.9255267381668091,0.03839512914419174
2025-10-09,NFLX,0.07314161956310272,0.8937878012657166,0.03307056799530983
2025-10-09,NFLX,0.0862109512090683,0.8747525811195374,0.03903647139668465
2025-10-10,NFLX,0.02456560917198658,0.8389806151390076,0.1364538073539734
2025-10-13,NFLX,0.0425957590341568,0.9315846562385559,0.02581958658993244
2025-10-13,NFLX,0.03519522771239281,0.9053866267204285,0.05941817909479141
2025-10-14,NFLX,0.04070708528161049,0.9368956089019775,0.022397374734282494
2025-10-14,NFLX,0.03428548574447632,0.9365295171737671,0.0291849747300148
2025-10-14,NFLX,0.07682784646749496,0.9135461449623108,0.009626029059290886
2025-10-15,NFLX,0.06043509021401405,0.8971004486083984,0.0424644760787487
2025-10-15,NFLX,0.04005572944879532,0.8958098292350769,0.0641343966126442
2025-10-16,NFLX,0.0834149718284607,0.9028276801109314,0.013757368549704552
2025-10-20,NFLX,0.053707368671894073,0.9250193238258362,0.021273262798786163
2025-10-20,NFLX,0.05481065809726715,0.9291291236877441,0.01606023497879505
2025-10-21,NFLX,0.10961133241653442,0.8768728971481323,0.013515756465494633
2025-10-21,NFLX,0.03755147010087967,0.86297208070755,0.0994764193892479
2025-10-21,NFLX,0.8455439209938049,0.13296762108802795,0.02148842252790928
2025-10-21,NFLX,0.27018430829048157,0.7196140289306641,0.010201635770499706
2025-10-22,NFLX,0.04107242822647095,0.9094361066818237,0.04949137568473816
2025-10-22,NFLX,0.07308350503444672,0.8998300433158875,0.027086416259407997
2025-10-22,NFLX,0.019709372892975807,0.1020800843834877,0.8782105445861816
2025-10-23,NFLX,0.03546128049492836,0.9389775991439819,0.025561166927218437
2025-10-23,NFLX,0.09319039434194565,0.8803669214248657,0.026442673057317734
2025-10-23,NFLX,0.05811966583132744,0.8790345191955566,0.06284578889608383
2025-10-24,NFLX,0.05854333937168121,0.9022005200386047,0.039256107062101364
2025-10-24,NFLX,0.03067590482532978,0.9195683002471924,0.04975580424070358
2025-10-24,NFLX,0.07927526533603668,0.9062569737434387,0.014467740431427956
2025-10-24,NFLX,0.03469875827431679,0.8683021664619446,0.0969991460442543
2025-10-27,NFLX,0.08987736701965332,0.8943964838981628,0.015726206824183464
2025-10-28,NFLX,0.018124667927622795,0.911140501499176,0.07073488086462021
2025-10-28,NFLX,0.7833507657051086,0.18671898543834686,0.0299302376806736
2025-10-28,NFLX,0.274370938539505,0.649179995059967,0.07644910365343094
2025-10-29,NFLX,0.05112837627530098,0.8431340456008911,0.1057375967502594
2025-10-29,NFLX,0.04107995331287384,0.93343585729599,0.02548419125378132
2025-10-29,NFLX,0.040420737117528915,0.9325810670852661,0.026998216286301613
2025-10-29,NFLX,0.031009363010525703,0.9259928464889526,0.042997825890779495
2025-10-29,NFLX,0.03434864431619644,0.9434581398963928,0.022193213924765587
2025-10-30,NFLX,0.04985591396689415,0.9227960109710693,0.027348099276423454
2025-10-30,NFLX,0.032078761607408524,0.8492074012756348,0.11871382594108582
2025-10-30,NFLX,0.13396704196929932,0.799589216709137,0.06644376367330551
2025-11-03,NFLX,0.03506716713309288,0.825169563293457,0.1397632360458374
2025-11-03,NFLX,0.03852230682969093,0.918516993522644,0.04296065494418144
2025-11-03,NFLX,0.05421235412359238,0.9188780784606934,0.026909539476037025
2025-11-03,NFLX,0.016411034390330315,0.4125291407108307,0.5710598230361938
2025-11-04,NFLX,0.4288046061992645,0.5431737899780273,0.028021538630127907
2025-11-04,NFLX,0.044507578015327454,0.9283386468887329,0.027153830975294113
2025-11-05,NFLX,0.06770966947078705,0.9154438972473145,0.016846399754285812
2025-11-05,NFLX,0.03944745287299156,0.9297294020652771,0.03082311898469925
2025-11-05,NFLX,0.08913303911685944,0.8901272416114807,0.02073972299695015
2025-11-05,NFLX,0.15496614575386047,0.8274290561676025,0.017604753375053406
2025-08-22,NVDA,0.5486056804656982,0.40826645493507385,0.043127916753292084
2025-08-25,NVDA,0.4174520671367645,0.5728644728660583,0.009683498181402683
2025-08-27,NVDA,0.009664511308073997,0.02076585963368416,0.9695696234703064
2025-09-09,NVDA,0.13433445990085602,0.8563017249107361,0.009363825432956219
2025-09-17,NVDA,0.04325426369905472,0.783397376537323,0.17334839701652527
2025-09-18,NVDA,0.10571279376745224,0.8782014846801758,0.016085686162114143
2025-09-18,NVDA,0.09000036865472794,0.9009172320365906,0.009082334116101265
2025-09-18,NVDA,0.2883674204349518,0.7041022777557373,0.0075303614139556885
2025-09-18,NVDA,0.2755429148674011,0.710565984249115,0.013891119509935379
2025-09-18,NVDA,0.1859419196844101,0.8069452047348022,0.007112849969416857
2025-09-18,NVDA,0.1740240454673767,0.8115921020507812,0.014383816160261631
2025-09-18,NVDA,0.9352829456329346,0.05411210283637047,0.01060489658266306
2025-09-18,NVDA,0.6528421640396118,0.3389941155910492,0.008163737133145332
2025-09-18,NVDA,0.6831212043762207,0.2165750116109848,0.1003037765622139
2025-09-18,NVDA,0.12057504057884216,0.8593160510063171,0.020108945667743683
2025-09-18,NVDA,0.03528602421283722,0.9463266134262085,0.01838742382824421
2025-09-18,NVDA,0.9376167058944702,0.04843989014625549,0.01394343376159668
2025-09-18,NVDA,0.5199536085128784,0.46244508028030396,0.01760135404765606
2025-09-18,NVDA,0.03494774177670479,0.9427106380462646,0.022341573610901833
2025-09-18,NVDA,0.8411927819252014,0.1225539967417717,0.03625330701470375
2025-09-19,NVDA,0.8790415525436401,0.09906601905822754,0.021892469376325607
2025-09-19,NVDA,0.2526589632034302,0.738516092300415,0.008824889548122883
2025-09-19,NVDA,0.028826234862208366,0.053947173058986664,0.9172266125679016
2025-09-19,NVDA,0.03692266717553139,0.9370075464248657,0.026069777086377144
2025-09-19,NVDA,0.1172100305557251,0.8592309355735779,0.02355906367301941
2025-09-20,NVDA,0.08631616085767746,0.903409481048584,0.010274291969835758
2025-09-22,NVDA,0.6455349326133728,0.34229937195777893,0.012165659107267857
2025-09-22,NVDA,0.2951851487159729,0.6945977210998535,0.010217146947979927
2025-09-22,NVDA,0.06322496384382248,0.9216561913490295,0.015118828974664211
2025-09-22,NVDA,0.8326831459999084,0.1587020307779312,0.00861484743654728
2025-09-22,NVDA,0.9133114814758301,0.07608816772699356,0.010600262321531773
2025-09-22,NVDA,0.2490788996219635,0.7414647936820984,0.009456262923777103
2025-09-23,NVDA,0.16041097044944763,0.831855058670044,0.007733949925750494
2025-09-23,NVDA,0.1849539577960968,0.8055905699729919,0.009455498307943344
2025-09-23,NVDA,0.468849778175354,0.4696435034275055,0.061506710946559906
2025-09-23,NVDA,0.4007028043270111,0.5734509825706482,0.025846248492598534
2025-09-24,NVDA,0.7081084251403809,0.27935436367988586,0.012537213973701
2025-09-25,NVDA,0.0939134955406189,0.8909435868263245,0.015142950229346752
2025-09-28,NVDA,0.1169784888625145,0.873577892780304,0.009443588554859161
2025-09-29,NVDA,0.07406337559223175,0.8986461758613586,0.027290431782603264
2025-09-29,NVDA,0.2299736738204956,0.7576544880867004,0.01237181294709444
2025-09-29,NVDA,0.07801729440689087,0.9115650653839111,0.010417663492262363
2025-09-30,NVDA,0.19605664908885956,0.7921814918518066,0.011761882342398167
2025-09-30,NVDA,0.6317775845527649,0.3600391447544098,0.00818328931927681
2025-09-30,NVDA,0.8436869382858276,0.13986819982528687,0.016444899141788483
2025-09-30,NVDA,0.8405246734619141,0.1517937332391739,0.00768157048150897
2025-10-01,NVDA,0.4619704782962799,0.10733289271593094,0.430696576833725
2025-10-03,NVDA,0.9182851910591125,0.07264654338359833,0.009068272076547146
2025-10-03,NVDA,0.06437712907791138,0.9185068011283875,0.01711605302989483
2025-10-06,NVDA,0.0399133637547493,0.7178741693496704,0.2422124743461609
2025-10-08,NVDA,0.03012130595743656,0.27714741230010986,0.6927312612533569
2025-10-09,NVDA,0.13217578828334808,0.8557893633842468,0.012034888379275799
2025-10-09,NVDA,0.15330541133880615,0.12594950199127197,0.7207450866699219
2025-10-09,NVDA,0.8709810376167297,0.05151546746492386,0.07750352472066879
2025-10-09,NVDA,0.10240328311920166,0.8404982686042786,0.05709848180413246
2025-10-09,NVDA,0.07805760204792023,0.9070977568626404,0.01484459824860096
2025-10-09,NVDA,0.07227195054292679,0.9050890803337097,0.022639011964201927
2025-10-10,NVDA,0.03836366906762123,0.9349413514137268,0.026694977656006813
2025-10-10,NVDA,0.029248638078570366,0.36524417996406555,0.6055071949958801
2025-10-10,NVDA,0.12684981524944305,0.8607285618782043,0.012421599589288235
2025-10-13,NVDA,0.0796956792473793,0.8960979580879211,0.024206357076764107
2025-10-13,NVDA,0.12451120465993881,0.8612576127052307,0.014231203123927116
2025-10-13,NVDA,0.237839475274086,0.7542427778244019,0.007917745970189571
2025-10-13,NVDA,0.48351526260375977,0.5069523453712463,0.009532390162348747
2025-10-14,NVDA,0.061037078499794006,0.9237865209579468,0.015176435932517052
2025-10-15,NVDA,0.9053089618682861,0.058547958731651306,0.03614319488406181
2025-10-15,NVDA,0.07294836640357971,0.9139399528503418,0.013111702166497707
2025-10-15,NVDA,0.031437572091817856,0.911641001701355,0.05692139267921448
2025-10-15,NVDA,0.12345375865697861,0.8646140098571777,0.011932275258004665
2025-10-16,NVDA,0.16294758021831512,0.22999000549316406,0.6070624589920044
2025-10-17,NVDA,0.8457726836204529,0.13136892020702362,0.02285836823284626
2025-10-17,NVDA,0.45100274682044983,0.36120885610580444,0.1877884417772293
2025-10-17,NVDA,0.5612488985061646,0.4202517867088318,0.01849934831261635
2025-10-22,NVDA,0.04598313197493553,0.18576200306415558,0.7682548761367798
2025-10-23,NVDA,0.8498578667640686,0.06170440465211868,0.08843766152858734
2025-10-27,NVDA,0.0878361240029335,0.8932233452796936,0.018940553069114685
2025-10-27,NVDA,0.10646898299455643,0.8773680329322815,0.01616293378174305
2025-10-28,NVDA,0.6995437741279602,0.2891630232334137,0.01129323523491621
2025-10-28,NVDA,0.1147947832942009,0.8762566447257996,0.008948580361902714
2025-10-28,NVDA,0.05535021051764488,0.899264395236969,0.04538539797067642
2025-10-28,NVDA,0.6284007430076599,0.30708757042884827,0.06451170146465302
2025-10-28,NVDA,0.040862858295440674,0.9182108640670776,0.040926337242126465
2025-10-28,NVDA,0.1653331220149994,0.8228434920310974,0.011823439970612526
2025-10-29,NVDA,0.07242073118686676,0.9152488708496094,0.012330403551459312
2025-10-29,NVDA,0.2966274619102478,0.6918336749076843,0.011538878083229065
2025-10-29,NVDA,0.048517972230911255,0.9331498146057129,0.01833217777311802
2025-10-29,NVDA,0.4852597713470459,0.4603097140789032,0.054430462419986725
2025-10-29,NVDA,0.7882845997810364,0.18675775825977325,0.024957606568932533
2025-10-29,NVDA,0.055470313876867294,0.9254213571548462,0.019108343869447708
2025-10-29,NVDA,0.09586934000253677,0.8912178874015808,0.012912807986140251
2025-10-29,NVDA,0.22255198657512665,0.7649362683296204,0.012511690147221088
2025-10-30,NVDA,0.18315839767456055,0.8046077489852905,0.012233832851052284
2025-10-30,NVDA,0.12153084576129913,0.8701037168502808,0.008365431800484657
2025-10-30,NVDA,0.13530318439006805,0.8550993204116821,0.009597539901733398
2025-10-30,NVDA,0.36590319871902466,0.6260802149772644,0.008016619831323624
2025-10-31,NVDA,0.11832939833402634,0.8724478483200073,0.00922276359051466
2025-11-03,NVDA,0.19315488636493683,0.7963710427284241,0.010474106296896935
2025-11-04,NVDA,0.2847643494606018,0.6505287289619446,0.06470690667629242
2025-11-05,NVDA,0.04024561122059822,0.9382098913192749,0.021544506773352623
2025-11-05,NVDA,0.06054940074682236,0.9251099824905396,0.014340577647089958
2025-08-13,SPY,0.47341498732566833,0.3648342192173004,0.16175074875354767
2025-08-15,SPY,0.5150247812271118,0.2075168788433075,0.2774583101272583
2025-08-19,SPY,0.03537827357649803,0.1635664850473404,0.8010552525520325
2025-08-22,SPY,0.5813939571380615,0.22873441874980927,0.18987159430980682
2025-08-25,SPY,0.036527372896671295,0.9030374884605408,0.06043516844511032
2025-08-26,SPY,0.40889179706573486,0.5767896175384521,0.014318615198135376
2025-08-27,SPY,0.0751529261469841,0.7980580925941467,0.12678897380828857
2025-08-28,SPY,0.29042330384254456,0.3381364643573761,0.37144020199775696
2025-08-28,SPY,0.2104383260011673,0.2312641739845276,0.5582975149154663
2025-08-28,SPY,0.6298585534095764,0.2502673268318176,0.11987408995628357
2025-08-28,SPY,0.04696984961628914,0.2845001816749573,0.6685299277305603
2025-08-28,SPY,0.022802529856562614,0.0438837856054306,0.9333136081695557
2025-08-29,SPY,0.012259489856660366,0.019746096804738045,0.9679944515228271
2025-09-02,SPY,0.9252227544784546,0.05257726460695267,0.02220003306865692
2025-09-03,SPY,0.43778708577156067,0.1558758169412613,0.406337171792984
2025-09-04,SPY,0.2913219928741455,0.4801423251628876,0.22853565216064453
2025-09-05,SPY,0.10076238960027695,0.8819680213928223,0.01726960577070713
2025-09-05,SPY,0.0564354844391346,0.9210987091064453,0.022465834394097328
2025-09-05,SPY,0.11281350255012512,0.8751112222671509,0.012075233273208141
2025-09-06,SPY,0.04441628232598305,0.9394227266311646,0.016161011531949043
2025-09-08,SPY,0.662176251411438,0.2957257330417633,0.042097970843315125
2025-09-08,SPY,0.8387710452079773,0.13438646495342255,0.026842400431632996
2025-09-08,SPY,0.14229226112365723,0.18747293949127197,0.6702346801757812
2025-09-10,SPY,0.3307061493396759,0.36007827520370483,0.3092155456542969
2025-09-10,SPY,0.05302479863166809,0.8210907578468323,0.12588448822498322
2025-09-10,SPY,0.6375283598899841,0.31883519887924194,0.04363645240664482
2025-09-10,SPY,0.20176510512828827,0.2487177699804306,0.5495171546936035
2025-09-11,SPY,0.07916096597909927,0.9023609161376953,0.01847812905907631
2025-09-11,SPY,0.3074796199798584,0.11882568895816803,0.5736945867538452
2025-09-11,SPY,0.07356256991624832,0.9018616080284119,0.024575812742114067
2025-09-12,SPY,0.052044156938791275,0.015334853902459145,0.9326208829879761
2025-09-13,SPY,0.05294967442750931,0.7994604110717773,0.14758992195129395
2025-09-15,SPY,0.5619326233863831,0.26583465933799744,0.1722327470779419
2025-09-15,SPY,0.8876709938049316,0.09320181608200073,0.019127257168293
2025-09-15,SPY,0.04583031311631203,0.35481926798820496,0.5993503928184509
2025-09-16,SPY,0.0815686360001564,0.32811442017555237,0.5903169512748718
2025-09-21,SPY,0.06131863221526146,0.8831976652145386,0.055483728647232056
2025-09-21,SPY,0.12167701870203018,0.7264112830162048,0.1519116759300232
2025-09-23,SPY,0.10728788375854492,0.8804030418395996,0.012309059500694275
2025-09-23,SPY,0.04981405287981033,0.9155213236808777,0.03466460108757019
2025-09-23,SPY,0.010734646581113338,0.036756936460733414,0.9525083899497986
2025-09-23,SPY,0.03842677175998688,0.9078665375709534,0.05370667204260826
2025-09-25,SPY,0.9392480850219727,0.043385058641433716,0.01736689731478691
2025-09-26,SPY,0.5868855118751526,0.343622624874115,0.0694919154047966
2025-09-28,SPY,0.07183093577623367,0.8958413004875183,0.03232772275805473
2025-09-29,SPY,0.23720484972000122,0.38741403818130493,0.37538114190101624
2025-09-29,SPY,0.058713920414447784,0.6286412477493286,0.3126448392868042
2025-09-29,SPY,0.6578564047813416,0.32549503445625305,0.016648543998599052
2025-10-01,SPY,0.39209508895874023,0.5671777725219727,0.040727101266384125
2025-10-02,SPY,0.07985936105251312,0.8713924884796143,0.048748187720775604
2025-10-03,SPY,0.028919732198119164,0.07900422811508179,0.8920760154724121
2025-10-06,SPY,0.048656165599823,0.9364345669746399,0.014909252524375916
2025-10-07,SPY,0.26601845026016235,0.6977443099021912,0.03623724728822708
2025-10-07,SPY,0.19792823493480682,0.7542943954467773,0.04777739197015762
2025-10-10,SPY,0.010021124966442585,0.03643634542822838,0.9535424709320068
2025-10-15,SPY,0.9192880988121033,0.04172265902161598,0.03898923471570015
2025-10-15,SPY,0.7934251427650452,0.1056651622056961,0.10090970993041992
2025-10-15,SPY,0.026880521327257156,0.9014251232147217,0.07169438898563385
2025-10-17,SPY,0.06292412430047989,0.9142594337463379,0.022816479206085205
2025-10-18,SPY,0.13749347627162933,0.8519681692123413,0.010538386180996895
2025-10-22,SPY,0.03148676082491875,0.9279144406318665,0.040598832070827484
2025-10-22,SPY,0.46544650197029114,0.3992212414741516,0.13533231616020203
2025-10-22,SPY,0.025267384946346283,0.8874720931053162,0.08726055175065994
2025-10-24,SPY,0.899936318397522,0.07236441969871521,0.027699284255504608
2025-10-25,SPY,0.022151801735162735,0.03536839783191681,0.9424797296524048
2025-10-27,SPY,0.6959016919136047,0.22829419374465942,0.07580406218767166
2025-10-28,SPY,0.06537666916847229,0.9241481423377991,0.010475235991179943
2025-10-28,SPY,0.9037273526191711,0.08174532651901245,0.014527357183396816
2025-10-28,SPY,0.0233614481985569,0.891342043876648,0.08529651165008545
2025-10-29,SPY,0.023243770003318787,0.1235044002532959,0.8532518148422241
2025-10-29,SPY,0.034601014107465744,0.5224549770355225,0.4429440498352051
2025-10-29,SPY,0.30371829867362976,0.6162792444229126,0.08000247180461884
2025-10-30,SPY,0.010694591328501701,0.0376223549246788,0.9516831040382385
2025-10-30,SPY,0.01631900481879711,0.1434382200241089,0.8402427434921265
2025-11-01,SPY,0.9160832166671753,0.03630435839295387,0.04761244356632233
2025-11-01,SPY,0.06199922785162926,0.9115408658981323,0.02645992673933506
2025-11-02,SPY,0.05728759989142418,0.9026001691818237,0.04011218622326851
2025-11-02,SPY,0.825844407081604,0.11683204770088196,0.05732353776693344
2025-11-03,SPY,0.9018669128417969,0.08557965606451035,0.012553457170724869
2025-11-03,SPY,0.8242346048355103,0.09208699315786362,0.08367839455604553
2025-11-03,SPY,0.04629741609096527,0.35056939721107483,0.6031332015991211
2025-11-03,SPY,0.4091516435146332,0.3598761260509491,0.23097224533557892
2025-11-03,SPY,0.03857855498790741,0.9239597916603088,0.03746163100004196
2025-11-04,SPY,0.03111804835498333,0.921738862991333,0.04714313521981239
2025-11-04,SPY,0.044767335057258606,0.06243867054581642,0.8927939534187317
2025-11-05,SPY,0.4988758862018585,0.4924195110797882,0.008704583160579205
2025-11-05,SPY,0.41221222281455994,0.5658984780311584,0.021889297291636467
2025-11-05,SPY,0.8561437726020813,0.1233748272061348,0.020481400191783905
